name,datetime
20221001/20221001235900.json.gz,2023-04-29 16:02:48
20221001/20221001235500.json.gz,2023-04-29 16:02:48
20221001/20221001235300.json.gz,2023-04-29 16:02:49
20221001/20221001235600.json.gz,2023-04-29 16:02:49
20221001/20221001235700.json.gz,2023-04-29 16:02:49
20221001/20221001235800.json.gz,2023-04-29 16:02:50
20221001/20221001235400.json.gz,2023-04-29 16:02:50
20221001/20221001234600.json.gz,2023-04-29 16:02:51
20221001/20221001235200.json.gz,2023-04-29 16:02:51
20221001/20221001233500.json.gz,2023-04-29 16:02:51
20221001/20221001235000.json.gz,2023-04-29 16:02:52
20221001/20221001233800.json.gz,2023-04-29 16:02:52
20221001/20221001233700.json.gz,2023-04-29 16:02:53
20221001/20221001234900.json.gz,2023-04-29 16:02:53
20221001/20221001233300.json.gz,2023-04-29 16:02:53
20221001/20221001235100.json.gz,2023-04-29 16:02:54
20221001/20221001233400.json.gz,2023-04-29 16:02:54
20221001/20221001234500.json.gz,2023-04-29 16:02:55
20221001/20221001234300.json.gz,2023-04-29 16:02:55
20221001/20221001234200.json.gz,2023-04-29 16:02:55
20221001/20221001234700.json.gz,2023-04-29 16:02:56
20221001/20221001233900.json.gz,2023-04-29 16:02:56
20221001/20221001234100.json.gz,2023-04-29 16:02:57
20221001/20221001234800.json.gz,2023-04-29 16:02:57
20221001/20221001233600.json.gz,2023-04-29 16:02:57
20221001/20221001234000.json.gz,2023-04-29 16:02:58
20221001/20221001234400.json.gz,2023-04-29 16:02:58
20221001/20221001233200.json.gz,2023-04-29 16:02:59
20221001/20221001233100.json.gz,2023-04-29 16:02:59
20221001/20221001233000.json.gz,2023-04-29 16:03:00
20221001/20221001232900.json.gz,2023-04-29 16:03:00
20221001/20221001232800.json.gz,2023-04-29 16:03:00
20221001/20221001232700.json.gz,2023-04-29 16:03:01
20221001/20221001232600.json.gz,2023-04-29 16:03:01
20221001/20221001232500.json.gz,2023-04-29 16:03:02
20221001/20221001230500.json.gz,2023-04-29 16:03:02
20221001/20221001232400.json.gz,2023-04-29 16:03:03
20221001/20221001232300.json.gz,2023-04-29 16:03:03
20221001/20221001231700.json.gz,2023-04-29 16:03:03
20221001/20221001231400.json.gz,2023-04-29 16:03:04
20221001/20221001232200.json.gz,2023-04-29 16:03:04
20221001/20221001231200.json.gz,2023-04-29 16:03:05
20221001/20221001223500.json.gz,2023-04-29 16:03:05
20221001/20221001232000.json.gz,2023-04-29 16:03:06
20221001/20221001231900.json.gz,2023-04-29 16:03:06
20221001/20221001232100.json.gz,2023-04-29 16:03:07
20221001/20221001231600.json.gz,2023-04-29 16:03:07
20221001/20221001231800.json.gz,2023-04-29 16:03:07
20221001/20221001231300.json.gz,2023-04-29 16:03:08
20221001/20221001231500.json.gz,2023-04-29 16:03:08
20221001/20221001231100.json.gz,2023-04-29 16:03:09
20221001/20221001230800.json.gz,2023-04-29 16:03:09
20221001/20221001230900.json.gz,2023-04-29 16:03:09
20221001/20221001231000.json.gz,2023-04-29 16:03:10
20221001/20221001230700.json.gz,2023-04-29 16:03:10
20221001/20221001230400.json.gz,2023-04-29 16:03:11
20221001/20221001230000.json.gz,2023-04-29 16:03:11
20221001/20221001225200.json.gz,2023-04-29 16:03:12
20221001/20221001225700.json.gz,2023-04-29 16:03:12
20221001/20221001222500.json.gz,2023-04-29 16:03:12
20221001/20221001230100.json.gz,2023-04-29 16:03:13
20221001/20221001225500.json.gz,2023-04-29 16:03:13
20221001/20221001230200.json.gz,2023-04-29 16:03:14
20221001/20221001225800.json.gz,2023-04-29 16:03:14
20221001/20221001225900.json.gz,2023-04-29 16:03:14
20221001/20221001225400.json.gz,2023-04-29 16:03:15
20221001/20221001225300.json.gz,2023-04-29 16:03:15
20221001/20221001225600.json.gz,2023-04-29 16:03:16
20221001/20221001224800.json.gz,2023-04-29 16:03:16
20221001/20221001224600.json.gz,2023-04-29 16:03:16
20221001/20221001225000.json.gz,2023-04-29 16:03:17
20221001/20221001224700.json.gz,2023-04-29 16:03:17
20221001/20221001224300.json.gz,2023-04-29 16:03:18
20221001/20221001224900.json.gz,2023-04-29 16:03:18
20221001/20221001225100.json.gz,2023-04-29 16:03:18
20221001/20221001224500.json.gz,2023-04-29 16:03:19
20221001/20221001224000.json.gz,2023-04-29 16:03:19
20221001/20221001224400.json.gz,2023-04-29 16:03:20
20221001/20221001224200.json.gz,2023-04-29 16:03:20
20221001/20221001224100.json.gz,2023-04-29 16:03:20
20221001/20221001230300.json.gz,2023-04-29 16:03:21
20221001/20221001223300.json.gz,2023-04-29 16:03:21
20221001/20221001223700.json.gz,2023-04-29 16:03:22
20221001/20221001223400.json.gz,2023-04-29 16:03:22
20221001/20221001223900.json.gz,2023-04-29 16:03:23
20221001/20221001223100.json.gz,2023-04-29 16:03:23
20221001/20221001223200.json.gz,2023-04-29 16:03:23
20221001/20221001223600.json.gz,2023-04-29 16:03:24
20221001/20221001215800.json.gz,2023-04-29 16:03:24
20221001/20221001223000.json.gz,2023-04-29 16:03:25
20221001/20221001222800.json.gz,2023-04-29 16:03:25
20221001/20221001223800.json.gz,2023-04-29 16:03:25
20221001/20221001230600.json.gz,2023-04-29 16:03:26
20221001/20221001222600.json.gz,2023-04-29 16:03:26
20221001/20221001222100.json.gz,2023-04-29 16:03:27
20221001/20221001222700.json.gz,2023-04-29 16:03:27
20221001/20221001221400.json.gz,2023-04-29 16:03:27
20221001/20221001222400.json.gz,2023-04-29 16:03:28
20221001/20221001221000.json.gz,2023-04-29 16:03:28
20221001/20221001222200.json.gz,2023-04-29 16:03:29
20221001/20221001222000.json.gz,2023-04-29 16:03:29
20221001/20221001222300.json.gz,2023-04-29 16:03:29
20221001/20221001221600.json.gz,2023-04-29 16:03:30
20221001/20221001221800.json.gz,2023-04-29 16:03:30
20221001/20221001221900.json.gz,2023-04-29 16:03:31
20221001/20221001220600.json.gz,2023-04-29 16:03:31
20221001/20221001221500.json.gz,2023-04-29 16:03:32
20221001/20221001221700.json.gz,2023-04-29 16:03:32
20221001/20221001221300.json.gz,2023-04-29 16:03:32
20221001/20221001221100.json.gz,2023-04-29 16:03:33
20221001/20221001220800.json.gz,2023-04-29 16:03:33
20221001/20221001221200.json.gz,2023-04-29 16:03:34
20221001/20221001220900.json.gz,2023-04-29 16:03:34
20221001/20221001220400.json.gz,2023-04-29 16:03:34
20221001/20221001220500.json.gz,2023-04-29 16:03:35
20221001/20221001220100.json.gz,2023-04-29 16:03:35
20221001/20221001220700.json.gz,2023-04-29 16:03:36
20221001/20221001220300.json.gz,2023-04-29 16:03:36
20221001/20221001220000.json.gz,2023-04-29 16:03:37
20221001/20221001220200.json.gz,2023-04-29 16:03:37
20221001/20221001222900.json.gz,2023-04-29 16:03:38
20221001/20221001215700.json.gz,2023-04-29 16:03:38
20221001/20221001213200.json.gz,2023-04-29 16:03:38
20221001/20221001215900.json.gz,2023-04-29 16:03:39
20221001/20221001215600.json.gz,2023-04-29 16:03:39
20221001/20221001215500.json.gz,2023-04-29 16:03:39
20221001/20221001215300.json.gz,2023-04-29 16:03:40
20221001/20221001212800.json.gz,2023-04-29 16:03:40
20221001/20221001214300.json.gz,2023-04-29 16:03:41
20221001/20221001214900.json.gz,2023-04-29 16:03:41
20221001/20221001215100.json.gz,2023-04-29 16:03:41
20221001/20221001215200.json.gz,2023-04-29 16:03:42
20221001/20221001215000.json.gz,2023-04-29 16:03:42
20221001/20221001214600.json.gz,2023-04-29 16:03:43
20221001/20221001214500.json.gz,2023-04-29 16:03:43
20221001/20221001214700.json.gz,2023-04-29 16:03:44
20221001/20221001214400.json.gz,2023-04-29 16:03:44
20221001/20221001214100.json.gz,2023-04-29 16:03:44
20221001/20221001213900.json.gz,2023-04-29 16:03:45
20221001/20221001211700.json.gz,2023-04-29 16:03:45
20221001/20221001214200.json.gz,2023-04-29 16:03:46
20221001/20221001213500.json.gz,2023-04-29 16:03:46
20221001/20221001213700.json.gz,2023-04-29 16:03:46
20221001/20221001213800.json.gz,2023-04-29 16:03:47
20221001/20221001213400.json.gz,2023-04-29 16:03:47
20221001/20221001215400.json.gz,2023-04-29 16:03:48
20221001/20221001213600.json.gz,2023-04-29 16:03:48
20221001/20221001202800.json.gz,2023-04-29 16:03:48
20221001/20221001212600.json.gz,2023-04-29 16:03:49
20221001/20221001212700.json.gz,2023-04-29 16:03:49
20221001/20221001213100.json.gz,2023-04-29 16:03:50
20221001/20221001213000.json.gz,2023-04-29 16:03:50
20221001/20221001213300.json.gz,2023-04-29 16:03:50
20221001/20221001214000.json.gz,2023-04-29 16:03:51
20221001/20221001211500.json.gz,2023-04-29 16:03:51
20221001/20221001211600.json.gz,2023-04-29 16:03:52
20221001/20221001211900.json.gz,2023-04-29 16:03:52
20221001/20221001212200.json.gz,2023-04-29 16:03:52
20221001/20221001212400.json.gz,2023-04-29 16:03:53
20221001/20221001212900.json.gz,2023-04-29 16:03:53
20221001/20221001212500.json.gz,2023-04-29 16:03:54
20221001/20221001212100.json.gz,2023-04-29 16:03:54
20221001/20221001212000.json.gz,2023-04-29 16:03:54
20221001/20221001211800.json.gz,2023-04-29 16:03:55
20221001/20221001212300.json.gz,2023-04-29 16:03:55
20221001/20221001210900.json.gz,2023-04-29 16:03:56
20221001/20221001214800.json.gz,2023-04-29 16:03:56
20221001/20221001211200.json.gz,2023-04-29 16:03:57
20221001/20221001211300.json.gz,2023-04-29 16:03:57
20221001/20221001211000.json.gz,2023-04-29 16:03:57
20221001/20221001211400.json.gz,2023-04-29 16:03:58
20221001/20221001211100.json.gz,2023-04-29 16:03:58
20221001/20221001210500.json.gz,2023-04-29 16:03:59
20221001/20221001210600.json.gz,2023-04-29 16:03:59
20221001/20221001210000.json.gz,2023-04-29 16:03:59
20221001/20221001210300.json.gz,2023-04-29 16:04:00
20221001/20221001210800.json.gz,2023-04-29 16:04:00
20221001/20221001210400.json.gz,2023-04-29 16:04:01
20221001/20221001205700.json.gz,2023-04-29 16:04:01
20221001/20221001210700.json.gz,2023-04-29 16:04:02
20221001/20221001205900.json.gz,2023-04-29 16:04:02
20221001/20221001210100.json.gz,2023-04-29 16:04:03
20221001/20221001210200.json.gz,2023-04-29 16:04:03
20221001/20221001205800.json.gz,2023-04-29 16:04:03
20221001/20221001205400.json.gz,2023-04-29 16:04:04
20221001/20221001205500.json.gz,2023-04-29 16:04:04
20221001/20221001205200.json.gz,2023-04-29 16:04:05
20221001/20221001205600.json.gz,2023-04-29 16:04:05
20221001/20221001205300.json.gz,2023-04-29 16:04:05
20221001/20221001205100.json.gz,2023-04-29 16:04:06
20221001/20221001205000.json.gz,2023-04-29 16:04:06
20221001/20221001204800.json.gz,2023-04-29 16:04:07
20221001/20221001204900.json.gz,2023-04-29 16:04:07
20221001/20221001204700.json.gz,2023-04-29 16:04:07
20221001/20221001204600.json.gz,2023-04-29 16:04:08
20221001/20221001204500.json.gz,2023-04-29 16:04:08
20221001/20221001204400.json.gz,2023-04-29 16:04:09
20221001/20221001204300.json.gz,2023-04-29 16:04:09
20221001/20221001204200.json.gz,2023-04-29 16:04:10
20221001/20221001203600.json.gz,2023-04-29 16:04:10
20221001/20221001204100.json.gz,2023-04-29 16:04:10
20221001/20221001204000.json.gz,2023-04-29 16:04:11
20221001/20221001203400.json.gz,2023-04-29 16:04:11
20221001/20221001203800.json.gz,2023-04-29 16:04:11
20221001/20221001202900.json.gz,2023-04-29 16:04:12
20221001/20221001203700.json.gz,2023-04-29 16:04:12
20221001/20221001203900.json.gz,2023-04-29 16:04:13
20221001/20221001203300.json.gz,2023-04-29 16:04:13
20221001/20221001203100.json.gz,2023-04-29 16:04:13
20221001/20221001203000.json.gz,2023-04-29 16:04:14
20221001/20221001203500.json.gz,2023-04-29 16:04:14
20221001/20221001203200.json.gz,2023-04-29 16:04:15
20221001/20221001202700.json.gz,2023-04-29 16:04:15
20221001/20221001202500.json.gz,2023-04-29 16:04:15
20221001/20221001202400.json.gz,2023-04-29 16:04:16
20221001/20221001202200.json.gz,2023-04-29 16:04:16
20221001/20221001202300.json.gz,2023-04-29 16:04:17
20221001/20221001202600.json.gz,2023-04-29 16:04:17
20221001/20221001201400.json.gz,2023-04-29 16:04:18
20221001/20221001201900.json.gz,2023-04-29 16:04:18
20221001/20221001201500.json.gz,2023-04-29 16:04:18
20221001/20221001202100.json.gz,2023-04-29 16:04:19
20221001/20221001201700.json.gz,2023-04-29 16:04:19
20221001/20221001202000.json.gz,2023-04-29 16:04:20
20221001/20221001200800.json.gz,2023-04-29 16:04:20
20221001/20221001201800.json.gz,2023-04-29 16:04:20
20221001/20221001201600.json.gz,2023-04-29 16:04:21
20221001/20221001201200.json.gz,2023-04-29 16:04:21
20221001/20221001201300.json.gz,2023-04-29 16:04:22
20221001/20221001195600.json.gz,2023-04-29 16:04:22
20221001/20221001200900.json.gz,2023-04-29 16:04:23
20221001/20221001200700.json.gz,2023-04-29 16:04:23
20221001/20221001200200.json.gz,2023-04-29 16:04:23
20221001/20221001201000.json.gz,2023-04-29 16:04:24
20221001/20221001200600.json.gz,2023-04-29 16:04:24
20221001/20221001201100.json.gz,2023-04-29 16:04:25
20221001/20221001200300.json.gz,2023-04-29 16:04:25
20221001/20221001200500.json.gz,2023-04-29 16:04:25
20221001/20221001195900.json.gz,2023-04-29 16:04:26
20221001/20221001200400.json.gz,2023-04-29 16:04:26
20221001/20221001200000.json.gz,2023-04-29 16:04:27
20221001/20221001200100.json.gz,2023-04-29 16:04:27
20221001/20221001195800.json.gz,2023-04-29 16:04:28
20221001/20221001193000.json.gz,2023-04-29 16:04:28
20221001/20221001195500.json.gz,2023-04-29 16:04:29
20221001/20221001195300.json.gz,2023-04-29 16:04:29
20221001/20221001195400.json.gz,2023-04-29 16:04:29
20221001/20221001195000.json.gz,2023-04-29 16:04:30
20221001/20221001195700.json.gz,2023-04-29 16:04:30
20221001/20221001194900.json.gz,2023-04-29 16:04:31
20221001/20221001195200.json.gz,2023-04-29 16:04:31
20221001/20221001194800.json.gz,2023-04-29 16:04:32
20221001/20221001194700.json.gz,2023-04-29 16:04:32
20221001/20221001194600.json.gz,2023-04-29 16:04:32
20221001/20221001194300.json.gz,2023-04-29 16:04:33
20221001/20221001194500.json.gz,2023-04-29 16:04:33
20221001/20221001194400.json.gz,2023-04-29 16:04:34
20221001/20221001194100.json.gz,2023-04-29 16:04:34
20221001/20221001194000.json.gz,2023-04-29 16:04:35
20221001/20221001194200.json.gz,2023-04-29 16:04:35
20221001/20221001193500.json.gz,2023-04-29 16:04:36
20221001/20221001193900.json.gz,2023-04-29 16:04:36
20221001/20221001193700.json.gz,2023-04-29 16:04:37
20221001/20221001193600.json.gz,2023-04-29 16:04:37
20221001/20221001192100.json.gz,2023-04-29 16:04:37
20221001/20221001192300.json.gz,2023-04-29 16:04:38
20221001/20221001193800.json.gz,2023-04-29 16:04:38
20221001/20221001193300.json.gz,2023-04-29 16:04:39
20221001/20221001193400.json.gz,2023-04-29 16:04:39
20221001/20221001192400.json.gz,2023-04-29 16:04:40
20221001/20221001193200.json.gz,2023-04-29 16:04:40
20221001/20221001192000.json.gz,2023-04-29 16:04:41
20221001/20221001192600.json.gz,2023-04-29 16:04:41
20221001/20221001195100.json.gz,2023-04-29 16:04:41
20221001/20221001193100.json.gz,2023-04-29 16:04:42
20221001/20221001191800.json.gz,2023-04-29 16:04:42
20221001/20221001192800.json.gz,2023-04-29 16:04:43
20221001/20221001192900.json.gz,2023-04-29 16:04:43
20221001/20221001191300.json.gz,2023-04-29 16:04:44
20221001/20221001191500.json.gz,2023-04-29 16:04:44
20221001/20221001192500.json.gz,2023-04-29 16:04:45
20221001/20221001192700.json.gz,2023-04-29 16:04:45
20221001/20221001191200.json.gz,2023-04-29 16:04:46
20221001/20221001190800.json.gz,2023-04-29 16:04:46
20221001/20221001185400.json.gz,2023-04-29 16:04:46
20221001/20221001192200.json.gz,2023-04-29 16:04:47
20221001/20221001191900.json.gz,2023-04-29 16:04:47
20221001/20221001191600.json.gz,2023-04-29 16:04:48
20221001/20221001191700.json.gz,2023-04-29 16:04:48
20221001/20221001191100.json.gz,2023-04-29 16:04:49
20221001/20221001191400.json.gz,2023-04-29 16:04:49
20221001/20221001190700.json.gz,2023-04-29 16:04:50
20221001/20221001191000.json.gz,2023-04-29 16:04:50
20221001/20221001185900.json.gz,2023-04-29 16:04:51
20221001/20221001190500.json.gz,2023-04-29 16:04:51
20221001/20221001190400.json.gz,2023-04-29 16:04:51
20221001/20221001190200.json.gz,2023-04-29 16:04:52
20221001/20221001190300.json.gz,2023-04-29 16:04:52
20221001/20221001185700.json.gz,2023-04-29 16:04:53
20221001/20221001190900.json.gz,2023-04-29 16:04:53
20221001/20221001185600.json.gz,2023-04-29 16:04:54
20221001/20221001185800.json.gz,2023-04-29 16:04:54
20221001/20221001190600.json.gz,2023-04-29 16:04:55
20221001/20221001185500.json.gz,2023-04-29 16:04:55
20221001/20221001190000.json.gz,2023-04-29 16:04:56
20221001/20221001185200.json.gz,2023-04-29 16:04:56
20221001/20221001190100.json.gz,2023-04-29 16:04:57
20221001/20221001185100.json.gz,2023-04-29 16:04:57
20221001/20221001185000.json.gz,2023-04-29 16:04:58
20221001/20221001184800.json.gz,2023-04-29 16:04:58
20221001/20221001185300.json.gz,2023-04-29 16:04:59
20221001/20221001184700.json.gz,2023-04-29 16:04:59
20221001/20221001184900.json.gz,2023-04-29 16:05:00
20221001/20221001184000.json.gz,2023-04-29 16:05:00
20221001/20221001184500.json.gz,2023-04-29 16:05:01
20221001/20221001184600.json.gz,2023-04-29 16:05:01
20221001/20221001184300.json.gz,2023-04-29 16:05:01
20221001/20221001183400.json.gz,2023-04-29 16:05:02
20221001/20221001183700.json.gz,2023-04-29 16:05:02
20221001/20221001183000.json.gz,2023-04-29 16:05:03
20221001/20221001184100.json.gz,2023-04-29 16:05:03
20221001/20221001184400.json.gz,2023-04-29 16:05:04
20221001/20221001183300.json.gz,2023-04-29 16:05:04
20221001/20221001183200.json.gz,2023-04-29 16:05:05
20221001/20221001183500.json.gz,2023-04-29 16:05:05
20221001/20221001183800.json.gz,2023-04-29 16:05:06
20221001/20221001183900.json.gz,2023-04-29 16:05:06
20221001/20221001183600.json.gz,2023-04-29 16:05:07
20221001/20221001182200.json.gz,2023-04-29 16:05:07
20221001/20221001184200.json.gz,2023-04-29 16:05:08
20221001/20221001183100.json.gz,2023-04-29 16:05:08
20221001/20221001182900.json.gz,2023-04-29 16:05:09
20221001/20221001182400.json.gz,2023-04-29 16:05:09
20221001/20221001182800.json.gz,2023-04-29 16:05:10
20221001/20221001182100.json.gz,2023-04-29 16:05:10
20221001/20221001182300.json.gz,2023-04-29 16:05:11
20221001/20221001181800.json.gz,2023-04-29 16:05:11
20221001/20221001181500.json.gz,2023-04-29 16:05:12
20221001/20221001182700.json.gz,2023-04-29 16:05:12
20221001/20221001182500.json.gz,2023-04-29 16:05:13
20221001/20221001182000.json.gz,2023-04-29 16:05:13
20221001/20221001181400.json.gz,2023-04-29 16:05:14
20221001/20221001181900.json.gz,2023-04-29 16:05:14
20221001/20221001181700.json.gz,2023-04-29 16:05:15
20221001/20221001181300.json.gz,2023-04-29 16:05:15
20221001/20221001181200.json.gz,2023-04-29 16:05:16
20221001/20221001181000.json.gz,2023-04-29 16:05:16
20221001/20221001181100.json.gz,2023-04-29 16:05:17
20221001/20221001180500.json.gz,2023-04-29 16:05:18
20221001/20221001180900.json.gz,2023-04-29 16:05:18
20221001/20221001182600.json.gz,2023-04-29 16:05:19
20221001/20221001180800.json.gz,2023-04-29 16:05:19
20221001/20221001181600.json.gz,2023-04-29 16:05:20
20221001/20221001180000.json.gz,2023-04-29 16:05:20
20221001/20221001180700.json.gz,2023-04-29 16:05:21
20221001/20221001180600.json.gz,2023-04-29 16:05:21
20221001/20221001180400.json.gz,2023-04-29 16:05:22
20221001/20221001180300.json.gz,2023-04-29 16:05:22
20221001/20221001175700.json.gz,2023-04-29 16:05:23
20221001/20221001180200.json.gz,2023-04-29 16:05:23
20221001/20221001175600.json.gz,2023-04-29 16:05:24
20221001/20221001180100.json.gz,2023-04-29 16:05:24
20221001/20221001175500.json.gz,2023-04-29 16:05:25
20221001/20221001175900.json.gz,2023-04-29 16:05:25
20221001/20221001175800.json.gz,2023-04-29 16:05:26
20221001/20221001175300.json.gz,2023-04-29 16:05:26
20221001/20221001175400.json.gz,2023-04-29 16:05:27
20221001/20221001175200.json.gz,2023-04-29 16:05:28
20221001/20221001174600.json.gz,2023-04-29 16:05:28
20221001/20221001175100.json.gz,2023-04-29 16:05:29
20221001/20221001173900.json.gz,2023-04-29 16:05:29
20221001/20221001175000.json.gz,2023-04-29 16:05:30
20221001/20221001174500.json.gz,2023-04-29 16:05:30
20221001/20221001174800.json.gz,2023-04-29 16:05:31
20221001/20221001174700.json.gz,2023-04-29 16:05:31
20221001/20221001174900.json.gz,2023-04-29 16:05:32
20221001/20221001174100.json.gz,2023-04-29 16:05:32
20221001/20221001174400.json.gz,2023-04-29 16:05:33
20221001/20221001174300.json.gz,2023-04-29 16:05:33
20221001/20221001173400.json.gz,2023-04-29 16:05:34
20221001/20221001173600.json.gz,2023-04-29 16:05:34
20221001/20221001174000.json.gz,2023-04-29 16:05:35
20221001/20221001173500.json.gz,2023-04-29 16:05:35
20221001/20221001173800.json.gz,2023-04-29 16:05:36
20221001/20221001173300.json.gz,2023-04-29 16:05:37
20221001/20221001172900.json.gz,2023-04-29 16:05:37
20221001/20221001173100.json.gz,2023-04-29 16:05:38
20221001/20221001173700.json.gz,2023-04-29 16:05:38
20221001/20221001173000.json.gz,2023-04-29 16:05:39
20221001/20221001173200.json.gz,2023-04-29 16:05:39
20221001/20221001172000.json.gz,2023-04-29 16:05:40
20221001/20221001172300.json.gz,2023-04-29 16:05:40
20221001/20221001172700.json.gz,2023-04-29 16:05:41
20221001/20221001172400.json.gz,2023-04-29 16:05:42
20221001/20221001172500.json.gz,2023-04-29 16:05:42
20221001/20221001172800.json.gz,2023-04-29 16:05:43
20221001/20221001172600.json.gz,2023-04-29 16:05:43
20221001/20221001172200.json.gz,2023-04-29 16:05:44
20221001/20221001171100.json.gz,2023-04-29 16:05:44
20221001/20221001172100.json.gz,2023-04-29 16:05:45
20221001/20221001171800.json.gz,2023-04-29 16:05:45
20221001/20221001170400.json.gz,2023-04-29 16:05:46
20221001/20221001171400.json.gz,2023-04-29 16:05:46
20221001/20221001171900.json.gz,2023-04-29 16:05:47
20221001/20221001171600.json.gz,2023-04-29 16:05:48
20221001/20221001171500.json.gz,2023-04-29 16:05:48
20221001/20221001171700.json.gz,2023-04-29 16:05:49
20221001/20221001171200.json.gz,2023-04-29 16:05:49
20221001/20221001171300.json.gz,2023-04-29 16:05:50
20221001/20221001171000.json.gz,2023-04-29 16:05:50
20221001/20221001170900.json.gz,2023-04-29 16:05:51
20221001/20221001170500.json.gz,2023-04-29 16:05:52
20221001/20221001170700.json.gz,2023-04-29 16:05:52
20221001/20221001170800.json.gz,2023-04-29 16:05:53
20221001/20221001170600.json.gz,2023-04-29 16:05:53
20221001/20221001165900.json.gz,2023-04-29 16:05:54
20221001/20221001170200.json.gz,2023-04-29 16:05:54
20221001/20221001162700.json.gz,2023-04-29 16:05:55
20221001/20221001165100.json.gz,2023-04-29 16:05:56
20221001/20221001174200.json.gz,2023-04-29 16:05:56
20221001/20221001170100.json.gz,2023-04-29 16:05:57
20221001/20221001165800.json.gz,2023-04-29 16:05:57
20221001/20221001170300.json.gz,2023-04-29 16:05:58
20221001/20221001170000.json.gz,2023-04-29 16:05:58
20221001/20221001162900.json.gz,2023-04-29 16:05:59
20221001/20221001165700.json.gz,2023-04-29 16:06:00
20221001/20221001164000.json.gz,2023-04-29 16:06:00
20221001/20221001165600.json.gz,2023-04-29 16:06:01
20221001/20221001165500.json.gz,2023-04-29 16:06:01
20221001/20221001165200.json.gz,2023-04-29 16:06:02
20221001/20221001165300.json.gz,2023-04-29 16:06:03
20221001/20221001165400.json.gz,2023-04-29 16:06:03
20221001/20221001164700.json.gz,2023-04-29 16:06:04
20221001/20221001165000.json.gz,2023-04-29 16:06:04
20221001/20221001164200.json.gz,2023-04-29 16:06:05
20221001/20221001164500.json.gz,2023-04-29 16:06:06
20221001/20221001164600.json.gz,2023-04-29 16:06:06
20221001/20221001164800.json.gz,2023-04-29 16:06:07
20221001/20221001164100.json.gz,2023-04-29 16:06:07
20221001/20221001164300.json.gz,2023-04-29 16:06:08
20221001/20221001164900.json.gz,2023-04-29 16:06:09
20221001/20221001163800.json.gz,2023-04-29 16:06:09
20221001/20221001164400.json.gz,2023-04-29 16:06:10
20221001/20221001163600.json.gz,2023-04-29 16:06:11
20221001/20221001162100.json.gz,2023-04-29 16:06:11
20221001/20221001163700.json.gz,2023-04-29 16:06:12
20221001/20221001163500.json.gz,2023-04-29 16:06:12
20221001/20221001163100.json.gz,2023-04-29 16:06:13
20221001/20221001162500.json.gz,2023-04-29 16:06:14
20221001/20221001162400.json.gz,2023-04-29 16:06:14
20221001/20221001163200.json.gz,2023-04-29 16:06:15
20221001/20221001162300.json.gz,2023-04-29 16:06:16
20221001/20221001155800.json.gz,2023-04-29 16:06:16
20221001/20221001163900.json.gz,2023-04-29 16:06:17
20221001/20221001160700.json.gz,2023-04-29 16:06:18
20221001/20221001163300.json.gz,2023-04-29 16:06:19
20221001/20221001161700.json.gz,2023-04-29 16:06:19
20221001/20221001162800.json.gz,2023-04-29 16:06:20
20221001/20221001163400.json.gz,2023-04-29 16:06:20
20221001/20221001162200.json.gz,2023-04-29 16:06:21
20221001/20221001163000.json.gz,2023-04-29 16:06:22
20221001/20221001160900.json.gz,2023-04-29 16:06:22
20221001/20221001161000.json.gz,2023-04-29 16:06:23
20221001/20221001161400.json.gz,2023-04-29 16:06:24
20221001/20221001162000.json.gz,2023-04-29 16:06:24
20221001/20221001162600.json.gz,2023-04-29 16:06:25
20221001/20221001161200.json.gz,2023-04-29 16:06:25
20221001/20221001161600.json.gz,2023-04-29 16:06:26
20221001/20221001161900.json.gz,2023-04-29 16:06:27
20221001/20221001160600.json.gz,2023-04-29 16:06:27
20221001/20221001155900.json.gz,2023-04-29 16:06:28
20221001/20221001161300.json.gz,2023-04-29 16:06:29
20221001/20221001160800.json.gz,2023-04-29 16:06:29
20221001/20221001161100.json.gz,2023-04-29 16:06:30
20221001/20221001161800.json.gz,2023-04-29 16:06:31
20221001/20221001160100.json.gz,2023-04-29 16:06:31
20221001/20221001161500.json.gz,2023-04-29 16:06:32
20221001/20221001155500.json.gz,2023-04-29 16:06:33
20221001/20221001160300.json.gz,2023-04-29 16:06:33
20221001/20221001160500.json.gz,2023-04-29 16:06:34
20221001/20221001160400.json.gz,2023-04-29 16:06:34
20221001/20221001155400.json.gz,2023-04-29 16:06:35
20221001/20221001160000.json.gz,2023-04-29 16:06:36
20221001/20221001160200.json.gz,2023-04-29 16:06:36
20221001/20221001155300.json.gz,2023-04-29 16:06:37
20221001/20221001155000.json.gz,2023-04-29 16:06:38
20221001/20221001155100.json.gz,2023-04-29 16:06:38
20221001/20221001155600.json.gz,2023-04-29 16:06:39
20221001/20221001154700.json.gz,2023-04-29 16:06:40
20221001/20221001155200.json.gz,2023-04-29 16:06:40
20221001/20221001154800.json.gz,2023-04-29 16:06:41
20221001/20221001154900.json.gz,2023-04-29 16:06:42
20221001/20221001154400.json.gz,2023-04-29 16:06:42
20221001/20221001154300.json.gz,2023-04-29 16:06:43
20221001/20221001154600.json.gz,2023-04-29 16:06:44
20221001/20221001154100.json.gz,2023-04-29 16:06:44
20221001/20221001154500.json.gz,2023-04-29 16:06:45
20221001/20221001153800.json.gz,2023-04-29 16:06:46
20221001/20221001153200.json.gz,2023-04-29 16:06:46
20221001/20221001154000.json.gz,2023-04-29 16:06:47
20221001/20221001153900.json.gz,2023-04-29 16:06:48
20221001/20221001154200.json.gz,2023-04-29 16:06:49
20221001/20221001153100.json.gz,2023-04-29 16:06:49
20221001/20221001153500.json.gz,2023-04-29 16:06:50
20221001/20221001153400.json.gz,2023-04-29 16:06:51
20221001/20221001153700.json.gz,2023-04-29 16:06:51
20221001/20221001153600.json.gz,2023-04-29 16:06:52
20221001/20221001153300.json.gz,2023-04-29 16:06:53
20221001/20221001153000.json.gz,2023-04-29 16:06:54
20221001/20221001155700.json.gz,2023-04-29 16:06:54
20221001/20221001152900.json.gz,2023-04-29 16:06:55
20221001/20221001131600.json.gz,2023-04-29 16:06:56
20221001/20221001152800.json.gz,2023-04-29 16:06:56
20221001/20221001152500.json.gz,2023-04-29 16:06:57
20221001/20221001152600.json.gz,2023-04-29 16:06:58
20221001/20221001152700.json.gz,2023-04-29 16:06:58
20221001/20221001152200.json.gz,2023-04-29 16:06:59
20221001/20221001152300.json.gz,2023-04-29 16:07:00
20221001/20221001152100.json.gz,2023-04-29 16:07:00
20221001/20221001150700.json.gz,2023-04-29 16:07:01
20221001/20221001150800.json.gz,2023-04-29 16:07:02
20221001/20221001152000.json.gz,2023-04-29 16:07:03
20221001/20221001151000.json.gz,2023-04-29 16:07:04
20221001/20221001151500.json.gz,2023-04-29 16:07:04
20221001/20221001152400.json.gz,2023-04-29 16:07:05
20221001/20221001151300.json.gz,2023-04-29 16:07:06
20221001/20221001151400.json.gz,2023-04-29 16:07:06
20221001/20221001151700.json.gz,2023-04-29 16:07:07
20221001/20221001150900.json.gz,2023-04-29 16:07:08
20221001/20221001151800.json.gz,2023-04-29 16:07:09
20221001/20221001151900.json.gz,2023-04-29 16:07:09
20221001/20221001151600.json.gz,2023-04-29 16:07:10
20221001/20221001151200.json.gz,2023-04-29 16:07:11
20221001/20221001150500.json.gz,2023-04-29 16:07:11
20221001/20221001151100.json.gz,2023-04-29 16:07:12
20221001/20221001150200.json.gz,2023-04-29 16:07:13
20221001/20221001150600.json.gz,2023-04-29 16:07:14
20221001/20221001145700.json.gz,2023-04-29 16:07:15
20221001/20221001150100.json.gz,2023-04-29 16:07:15
20221001/20221001150400.json.gz,2023-04-29 16:07:16
20221001/20221001150300.json.gz,2023-04-29 16:07:17
20221001/20221001150000.json.gz,2023-04-29 16:07:18
20221001/20221001143600.json.gz,2023-04-29 16:07:19
20221001/20221001145800.json.gz,2023-04-29 16:07:20
20221001/20221001145500.json.gz,2023-04-29 16:07:21
20221001/20221001145100.json.gz,2023-04-29 16:07:22
20221001/20221001145200.json.gz,2023-04-29 16:07:23
20221001/20221001144900.json.gz,2023-04-29 16:07:23
20221001/20221001145300.json.gz,2023-04-29 16:07:24
20221001/20221001145900.json.gz,2023-04-29 16:07:25
20221001/20221001144400.json.gz,2023-04-29 16:07:25
20221001/20221001143500.json.gz,2023-04-29 16:07:26
20221001/20221001145600.json.gz,2023-04-29 16:07:27
20221001/20221001145400.json.gz,2023-04-29 16:07:28
20221001/20221001144200.json.gz,2023-04-29 16:07:28
20221001/20221001144800.json.gz,2023-04-29 16:07:29
20221001/20221001144100.json.gz,2023-04-29 16:07:30
20221001/20221001145000.json.gz,2023-04-29 16:07:31
20221001/20221001144300.json.gz,2023-04-29 16:07:31
20221001/20221001144700.json.gz,2023-04-29 16:07:32
20221001/20221001144600.json.gz,2023-04-29 16:07:33
20221001/20221001144500.json.gz,2023-04-29 16:07:33
20221001/20221001143900.json.gz,2023-04-29 16:07:34
20221001/20221001144000.json.gz,2023-04-29 16:07:35
20221001/20221001143400.json.gz,2023-04-29 16:07:36
20221001/20221001143700.json.gz,2023-04-29 16:07:37
20221001/20221001143800.json.gz,2023-04-29 16:07:38
20221001/20221001143300.json.gz,2023-04-29 16:07:39
20221001/20221001143200.json.gz,2023-04-29 16:07:40
20221001/20221001143100.json.gz,2023-04-29 16:07:41
20221001/20221001142900.json.gz,2023-04-29 16:07:42
20221001/20221001143000.json.gz,2023-04-29 16:07:42
20221001/20221001142800.json.gz,2023-04-29 16:07:43
20221001/20221001142400.json.gz,2023-04-29 16:07:44
20221001/20221001142600.json.gz,2023-04-29 16:07:45
20221001/20221001142700.json.gz,2023-04-29 16:07:45
20221001/20221001142200.json.gz,2023-04-29 16:07:46
20221001/20221001142100.json.gz,2023-04-29 16:07:47
20221001/20221001142500.json.gz,2023-04-29 16:07:47
20221001/20221001141600.json.gz,2023-04-29 16:07:48
20221001/20221001141900.json.gz,2023-04-29 16:07:49
20221001/20221001142300.json.gz,2023-04-29 16:07:50
20221001/20221001141500.json.gz,2023-04-29 16:07:50
20221001/20221001142000.json.gz,2023-04-29 16:07:51
20221001/20221001133600.json.gz,2023-04-29 16:07:52
20221001/20221001141800.json.gz,2023-04-29 16:07:52
20221001/20221001141700.json.gz,2023-04-29 16:07:53
20221001/20221001141400.json.gz,2023-04-29 16:07:54
20221001/20221001141200.json.gz,2023-04-29 16:07:54
20221001/20221001141300.json.gz,2023-04-29 16:07:55
20221001/20221001141000.json.gz,2023-04-29 16:07:56
20221001/20221001141100.json.gz,2023-04-29 16:07:57
20221001/20221001140900.json.gz,2023-04-29 16:07:57
20221001/20221001140800.json.gz,2023-04-29 16:07:58
20221001/20221001140500.json.gz,2023-04-29 16:07:59
20221001/20221001140600.json.gz,2023-04-29 16:07:59
20221001/20221001140700.json.gz,2023-04-29 16:08:01
20221001/20221001140200.json.gz,2023-04-29 16:08:01
20221001/20221001140100.json.gz,2023-04-29 16:08:02
20221001/20221001140300.json.gz,2023-04-29 16:08:03
20221001/20221001140000.json.gz,2023-04-29 16:08:03
20221001/20221001140400.json.gz,2023-04-29 16:08:04
20221001/20221001134000.json.gz,2023-04-29 16:08:05
20221001/20221001135400.json.gz,2023-04-29 16:08:05
20221001/20221001135600.json.gz,2023-04-29 16:08:06
20221001/20221001135900.json.gz,2023-04-29 16:08:07
20221001/20221001135800.json.gz,2023-04-29 16:08:08
20221001/20221001135700.json.gz,2023-04-29 16:08:08
20221001/20221001135500.json.gz,2023-04-29 16:08:09
20221001/20221001135100.json.gz,2023-04-29 16:08:10
20221001/20221001135200.json.gz,2023-04-29 16:08:10
20221001/20221001133800.json.gz,2023-04-29 16:08:11
20221001/20221001134500.json.gz,2023-04-29 16:08:12
20221001/20221001135300.json.gz,2023-04-29 16:08:12
20221001/20221001134600.json.gz,2023-04-29 16:08:13
20221001/20221001135000.json.gz,2023-04-29 16:08:14
20221001/20221001134900.json.gz,2023-04-29 16:08:14
20221001/20221001134800.json.gz,2023-04-29 16:08:15
20221001/20221001134100.json.gz,2023-04-29 16:08:16
20221001/20221001134700.json.gz,2023-04-29 16:08:16
20221001/20221001134200.json.gz,2023-04-29 16:08:17
20221001/20221001134400.json.gz,2023-04-29 16:08:18
20221001/20221001133200.json.gz,2023-04-29 16:08:18
20221001/20221001134300.json.gz,2023-04-29 16:08:19
20221001/20221001133900.json.gz,2023-04-29 16:08:20
20221001/20221001132900.json.gz,2023-04-29 16:08:20
20221001/20221001133500.json.gz,2023-04-29 16:08:21
20221001/20221001133700.json.gz,2023-04-29 16:08:22
20221001/20221001131700.json.gz,2023-04-29 16:08:23
20221001/20221001133400.json.gz,2023-04-29 16:08:23
20221001/20221001130900.json.gz,2023-04-29 16:08:24
20221001/20221001133300.json.gz,2023-04-29 16:08:25
20221001/20221001132100.json.gz,2023-04-29 16:08:25
20221001/20221001132800.json.gz,2023-04-29 16:08:26
20221001/20221001133000.json.gz,2023-04-29 16:08:27
20221001/20221001132500.json.gz,2023-04-29 16:08:28
20221001/20221001133100.json.gz,2023-04-29 16:08:28
20221001/20221001132600.json.gz,2023-04-29 16:08:29
20221001/20221001132700.json.gz,2023-04-29 16:08:30
20221001/20221001132300.json.gz,2023-04-29 16:08:30
20221001/20221001132200.json.gz,2023-04-29 16:08:31
20221001/20221001132400.json.gz,2023-04-29 16:08:32
20221001/20221001132000.json.gz,2023-04-29 16:08:32
20221001/20221001131300.json.gz,2023-04-29 16:08:33
20221001/20221001131800.json.gz,2023-04-29 16:08:34
20221001/20221001131900.json.gz,2023-04-29 16:08:34
20221001/20221001130700.json.gz,2023-04-29 16:08:35
20221001/20221001131500.json.gz,2023-04-29 16:08:36
20221001/20221001131100.json.gz,2023-04-29 16:08:37
20221001/20221001131200.json.gz,2023-04-29 16:08:37
20221001/20221001131400.json.gz,2023-04-29 16:08:38
20221001/20221001130100.json.gz,2023-04-29 16:08:39
20221001/20221001125600.json.gz,2023-04-29 16:08:39
20221001/20221001130800.json.gz,2023-04-29 16:08:40
20221001/20221001130500.json.gz,2023-04-29 16:08:41
20221001/20221001130600.json.gz,2023-04-29 16:08:41
20221001/20221001130200.json.gz,2023-04-29 16:08:42
20221001/20221001130400.json.gz,2023-04-29 16:08:43
20221001/20221001125900.json.gz,2023-04-29 16:08:44
20221001/20221001130300.json.gz,2023-04-29 16:08:44
20221001/20221001125700.json.gz,2023-04-29 16:08:45
20221001/20221001131000.json.gz,2023-04-29 16:08:46
20221001/20221001125200.json.gz,2023-04-29 16:08:46
20221001/20221001125800.json.gz,2023-04-29 16:08:47
20221001/20221001125500.json.gz,2023-04-29 16:08:48
20221001/20221001125300.json.gz,2023-04-29 16:08:48
20221001/20221001125400.json.gz,2023-04-29 16:08:49
20221001/20221001130000.json.gz,2023-04-29 16:08:50
20221001/20221001125100.json.gz,2023-04-29 16:08:50
20221001/20221001125000.json.gz,2023-04-29 16:08:51
20221001/20221001124900.json.gz,2023-04-29 16:08:52
20221001/20221001124800.json.gz,2023-04-29 16:08:52
20221001/20221001124400.json.gz,2023-04-29 16:08:53
20221001/20221001124200.json.gz,2023-04-29 16:08:54
20221001/20221001124600.json.gz,2023-04-29 16:08:55
20221001/20221001124000.json.gz,2023-04-29 16:08:56
20221001/20221001124300.json.gz,2023-04-29 16:08:56
20221001/20221001123900.json.gz,2023-04-29 16:08:57
20221001/20221001123800.json.gz,2023-04-29 16:08:58
20221001/20221001124700.json.gz,2023-04-29 16:08:58
20221001/20221001124500.json.gz,2023-04-29 16:08:59
20221001/20221001123700.json.gz,2023-04-29 16:09:00
20221001/20221001124100.json.gz,2023-04-29 16:09:01
20221001/20221001123600.json.gz,2023-04-29 16:09:02
20221001/20221001122100.json.gz,2023-04-29 16:09:02
20221001/20221001122900.json.gz,2023-04-29 16:09:03
20221001/20221001122800.json.gz,2023-04-29 16:09:04
20221001/20221001123400.json.gz,2023-04-29 16:09:04
20221001/20221001123500.json.gz,2023-04-29 16:09:05
20221001/20221001122600.json.gz,2023-04-29 16:09:06
20221001/20221001123300.json.gz,2023-04-29 16:09:07
20221001/20221001122500.json.gz,2023-04-29 16:09:07
20221001/20221001122300.json.gz,2023-04-29 16:09:08
20221001/20221001122200.json.gz,2023-04-29 16:09:09
20221001/20221001122700.json.gz,2023-04-29 16:09:09
20221001/20221001123200.json.gz,2023-04-29 16:09:10
20221001/20221001123100.json.gz,2023-04-29 16:09:11
20221001/20221001123000.json.gz,2023-04-29 16:09:11
20221001/20221001122000.json.gz,2023-04-29 16:09:12
20221001/20221001121500.json.gz,2023-04-29 16:09:13
20221001/20221001122400.json.gz,2023-04-29 16:09:14
20221001/20221001121700.json.gz,2023-04-29 16:09:14
20221001/20221001121300.json.gz,2023-04-29 16:09:15
20221001/20221001120400.json.gz,2023-04-29 16:09:16
20221001/20221001121400.json.gz,2023-04-29 16:09:16
20221001/20221001121900.json.gz,2023-04-29 16:09:17
20221001/20221001121100.json.gz,2023-04-29 16:09:18
20221001/20221001120900.json.gz,2023-04-29 16:09:19
20221001/20221001121000.json.gz,2023-04-29 16:09:19
20221001/20221001120500.json.gz,2023-04-29 16:09:20
20221001/20221001120800.json.gz,2023-04-29 16:09:21
20221001/20221001121600.json.gz,2023-04-29 16:09:21
20221001/20221001121800.json.gz,2023-04-29 16:09:22
20221001/20221001120300.json.gz,2023-04-29 16:09:23
20221001/20221001120700.json.gz,2023-04-29 16:09:23
20221001/20221001120100.json.gz,2023-04-29 16:09:24
20221001/20221001120600.json.gz,2023-04-29 16:09:25
20221001/20221001120200.json.gz,2023-04-29 16:09:25
20221001/20221001120000.json.gz,2023-04-29 16:09:26
20221001/20221001105700.json.gz,2023-04-29 16:09:27
20221001/20221001115900.json.gz,2023-04-29 16:09:27
20221001/20221001114900.json.gz,2023-04-29 16:09:28
20221001/20221001115700.json.gz,2023-04-29 16:09:29
20221001/20221001115800.json.gz,2023-04-29 16:09:29
20221001/20221001115600.json.gz,2023-04-29 16:09:30
20221001/20221001115400.json.gz,2023-04-29 16:09:31
20221001/20221001115500.json.gz,2023-04-29 16:09:31
20221001/20221001115200.json.gz,2023-04-29 16:09:32
20221001/20221001115300.json.gz,2023-04-29 16:09:33
20221001/20221001115000.json.gz,2023-04-29 16:09:34
20221001/20221001121200.json.gz,2023-04-29 16:09:35
20221001/20221001115100.json.gz,2023-04-29 16:09:35
20221001/20221001114800.json.gz,2023-04-29 16:09:36
20221001/20221001113900.json.gz,2023-04-29 16:09:37
20221001/20221001114700.json.gz,2023-04-29 16:09:38
20221001/20221001114200.json.gz,2023-04-29 16:09:39
20221001/20221001114400.json.gz,2023-04-29 16:09:40
20221001/20221001114500.json.gz,2023-04-29 16:09:41
20221001/20221001114300.json.gz,2023-04-29 16:09:43
20221001/20221001114600.json.gz,2023-04-29 16:09:43
20221001/20221001114000.json.gz,2023-04-29 16:09:44
20221001/20221001114100.json.gz,2023-04-29 16:09:45
20221001/20221001113800.json.gz,2023-04-29 16:09:45
20221001/20221001111000.json.gz,2023-04-29 16:09:46
20221001/20221001112100.json.gz,2023-04-29 16:09:47
20221001/20221001113700.json.gz,2023-04-29 16:09:47
20221001/20221001105900.json.gz,2023-04-29 16:09:48
20221001/20221001113600.json.gz,2023-04-29 16:09:49
20221001/20221001113500.json.gz,2023-04-29 16:09:49
20221001/20221001113400.json.gz,2023-04-29 16:09:50
20221001/20221001110800.json.gz,2023-04-29 16:09:50
20221001/20221001112400.json.gz,2023-04-29 16:09:51
20221001/20221001111300.json.gz,2023-04-29 16:09:52
20221001/20221001104800.json.gz,2023-04-29 16:09:52
20221001/20221001112300.json.gz,2023-04-29 16:09:53
20221001/20221001111400.json.gz,2023-04-29 16:09:54
20221001/20221001112700.json.gz,2023-04-29 16:09:55
20221001/20221001112500.json.gz,2023-04-29 16:09:55
20221001/20221001113300.json.gz,2023-04-29 16:09:56
20221001/20221001111600.json.gz,2023-04-29 16:09:57
20221001/20221001113000.json.gz,2023-04-29 16:09:57
20221001/20221001110900.json.gz,2023-04-29 16:09:58
20221001/20221001105300.json.gz,2023-04-29 16:09:59
20221001/20221001113100.json.gz,2023-04-29 16:10:00
20221001/20221001110600.json.gz,2023-04-29 16:10:01
20221001/20221001112000.json.gz,2023-04-29 16:10:02
20221001/20221001112200.json.gz,2023-04-29 16:10:03
20221001/20221001113200.json.gz,2023-04-29 16:10:04
20221001/20221001111500.json.gz,2023-04-29 16:10:04
20221001/20221001111100.json.gz,2023-04-29 16:10:05
20221001/20221001111900.json.gz,2023-04-29 16:10:06
20221001/20221001112800.json.gz,2023-04-29 16:10:06
20221001/20221001105600.json.gz,2023-04-29 16:10:07
20221001/20221001110000.json.gz,2023-04-29 16:10:08
20221001/20221001112900.json.gz,2023-04-29 16:10:08
20221001/20221001112600.json.gz,2023-04-29 16:10:09
20221001/20221001111800.json.gz,2023-04-29 16:10:10
20221001/20221001111700.json.gz,2023-04-29 16:10:10
20221001/20221001105500.json.gz,2023-04-29 16:10:11
20221001/20221001110100.json.gz,2023-04-29 16:10:12
20221001/20221001110300.json.gz,2023-04-29 16:10:12
20221001/20221001105400.json.gz,2023-04-29 16:10:13
20221001/20221001110700.json.gz,2023-04-29 16:10:13
20221001/20221001110400.json.gz,2023-04-29 16:10:14
20221001/20221001111200.json.gz,2023-04-29 16:10:15
20221001/20221001105100.json.gz,2023-04-29 16:10:16
20221001/20221001105000.json.gz,2023-04-29 16:10:16
20221001/20221001102400.json.gz,2023-04-29 16:10:17
20221001/20221001110200.json.gz,2023-04-29 16:10:18
20221001/20221001110500.json.gz,2023-04-29 16:10:19
20221001/20221001103000.json.gz,2023-04-29 16:10:20
20221001/20221001105200.json.gz,2023-04-29 16:10:20
20221001/20221001104700.json.gz,2023-04-29 16:10:21
20221001/20221001105800.json.gz,2023-04-29 16:10:21
20221001/20221001103900.json.gz,2023-04-29 16:10:22
20221001/20221001104600.json.gz,2023-04-29 16:10:22
20221001/20221001104500.json.gz,2023-04-29 16:10:23
20221001/20221001104200.json.gz,2023-04-29 16:10:24
20221001/20221001104000.json.gz,2023-04-29 16:10:24
20221001/20221001103100.json.gz,2023-04-29 16:10:25
20221001/20221001104300.json.gz,2023-04-29 16:10:25
20221001/20221001103300.json.gz,2023-04-29 16:10:26
20221001/20221001103800.json.gz,2023-04-29 16:10:26
20221001/20221001100000.json.gz,2023-04-29 16:10:27
20221001/20221001104900.json.gz,2023-04-29 16:10:27
20221001/20221001104400.json.gz,2023-04-29 16:10:28
20221001/20221001103400.json.gz,2023-04-29 16:10:28
20221001/20221001104100.json.gz,2023-04-29 16:10:29
20221001/20221001103200.json.gz,2023-04-29 16:10:29
20221001/20221001103600.json.gz,2023-04-29 16:10:30
20221001/20221001102700.json.gz,2023-04-29 16:10:31
20221001/20221001102900.json.gz,2023-04-29 16:10:31
20221001/20221001100100.json.gz,2023-04-29 16:10:32
20221001/20221001103500.json.gz,2023-04-29 16:10:33
20221001/20221001103700.json.gz,2023-04-29 16:10:34
20221001/20221001102600.json.gz,2023-04-29 16:10:34
20221001/20221001102800.json.gz,2023-04-29 16:10:35
20221001/20221001100300.json.gz,2023-04-29 16:10:36
20221001/20221001095700.json.gz,2023-04-29 16:10:36
20221001/20221001102500.json.gz,2023-04-29 16:10:37
20221001/20221001100200.json.gz,2023-04-29 16:10:38
20221001/20221001095900.json.gz,2023-04-29 16:10:38
20221001/20221001095600.json.gz,2023-04-29 16:10:39
20221001/20221001095800.json.gz,2023-04-29 16:10:40
20221001/20221001095200.json.gz,2023-04-29 16:10:40
20221001/20221001095500.json.gz,2023-04-29 16:10:41
20221001/20221001100400.json.gz,2023-04-29 16:10:41
20221001/20221001095300.json.gz,2023-04-29 16:10:41
20221001/20221001095400.json.gz,2023-04-29 16:10:42
20221001/20221001095000.json.gz,2023-04-29 16:10:42
20221001/20221001095100.json.gz,2023-04-29 16:10:43
20221001/20221001094900.json.gz,2023-04-29 16:10:44
20221001/20221001094800.json.gz,2023-04-29 16:10:44
20221001/20221001094600.json.gz,2023-04-29 16:10:44
20221001/20221001094700.json.gz,2023-04-29 16:10:45
20221001/20221001093400.json.gz,2023-04-29 16:10:46
20221001/20221001093300.json.gz,2023-04-29 16:10:46
20221001/20221001093200.json.gz,2023-04-29 16:10:47
20221001/20221001092100.json.gz,2023-04-29 16:10:47
20221001/20221001093700.json.gz,2023-04-29 16:10:48
20221001/20221001093800.json.gz,2023-04-29 16:10:48
20221001/20221001093500.json.gz,2023-04-29 16:10:49
20221001/20221001094500.json.gz,2023-04-29 16:10:49
20221001/20221001094400.json.gz,2023-04-29 16:10:50
20221001/20221001093900.json.gz,2023-04-29 16:10:50
20221001/20221001094100.json.gz,2023-04-29 16:10:51
20221001/20221001094300.json.gz,2023-04-29 16:10:51
20221001/20221001094200.json.gz,2023-04-29 16:10:52
20221001/20221001093600.json.gz,2023-04-29 16:10:52
20221001/20221001094000.json.gz,2023-04-29 16:10:53
20221001/20221001093000.json.gz,2023-04-29 16:10:53
20221001/20221001092900.json.gz,2023-04-29 16:10:54
20221001/20221001091200.json.gz,2023-04-29 16:10:55
20221001/20221001092000.json.gz,2023-04-29 16:10:55
20221001/20221001092500.json.gz,2023-04-29 16:10:56
20221001/20221001090500.json.gz,2023-04-29 16:10:56
20221001/20221001093100.json.gz,2023-04-29 16:10:57
20221001/20221001091800.json.gz,2023-04-29 16:10:57
20221001/20221001091100.json.gz,2023-04-29 16:10:58
20221001/20221001092600.json.gz,2023-04-29 16:10:58
20221001/20221001092800.json.gz,2023-04-29 16:10:59
20221001/20221001091700.json.gz,2023-04-29 16:10:59
20221001/20221001092700.json.gz,2023-04-29 16:11:00
20221001/20221001091900.json.gz,2023-04-29 16:11:00
20221001/20221001092300.json.gz,2023-04-29 16:11:01
20221001/20221001090800.json.gz,2023-04-29 16:11:01
20221001/20221001092200.json.gz,2023-04-29 16:11:02
20221001/20221001091500.json.gz,2023-04-29 16:11:02
20221001/20221001091600.json.gz,2023-04-29 16:11:03
20221001/20221001092400.json.gz,2023-04-29 16:11:04
20221001/20221001090200.json.gz,2023-04-29 16:11:04
20221001/20221001091300.json.gz,2023-04-29 16:11:05
20221001/20221001091000.json.gz,2023-04-29 16:11:05
20221001/20221001091400.json.gz,2023-04-29 16:11:06
20221001/20221001090300.json.gz,2023-04-29 16:11:06
20221001/20221001090900.json.gz,2023-04-29 16:11:07
20221001/20221001090000.json.gz,2023-04-29 16:11:07
20221001/20221001090400.json.gz,2023-04-29 16:11:08
20221001/20221001090100.json.gz,2023-04-29 16:11:08
20221001/20221001090700.json.gz,2023-04-29 16:11:09
20221001/20221001085600.json.gz,2023-04-29 16:11:09
20221001/20221001085800.json.gz,2023-04-29 16:11:10
20221001/20221001085700.json.gz,2023-04-29 16:11:10
20221001/20221001085900.json.gz,2023-04-29 16:11:11
20221001/20221001084800.json.gz,2023-04-29 16:11:11
20221001/20221001090600.json.gz,2023-04-29 16:11:12
20221001/20221001085000.json.gz,2023-04-29 16:11:12
20221001/20221001085500.json.gz,2023-04-29 16:11:13
20221001/20221001085300.json.gz,2023-04-29 16:11:13
20221001/20221001084900.json.gz,2023-04-29 16:11:14
20221001/20221001085200.json.gz,2023-04-29 16:11:14
20221001/20221001084500.json.gz,2023-04-29 16:11:15
20221001/20221001084600.json.gz,2023-04-29 16:11:15
20221001/20221001084700.json.gz,2023-04-29 16:11:16
20221001/20221001084300.json.gz,2023-04-29 16:11:16
20221001/20221001083900.json.gz,2023-04-29 16:11:17
20221001/20221001084400.json.gz,2023-04-29 16:11:17
20221001/20221001084100.json.gz,2023-04-29 16:11:18
20221001/20221001085400.json.gz,2023-04-29 16:11:18
20221001/20221001084200.json.gz,2023-04-29 16:11:19
20221001/20221001084000.json.gz,2023-04-29 16:11:19
20221001/20221001083400.json.gz,2023-04-29 16:11:20
20221001/20221001083500.json.gz,2023-04-29 16:11:20
20221001/20221001083800.json.gz,2023-04-29 16:11:21
20221001/20221001083300.json.gz,2023-04-29 16:11:21
20221001/20221001083700.json.gz,2023-04-29 16:11:22
20221001/20221001083600.json.gz,2023-04-29 16:11:22
20221001/20221001070900.json.gz,2023-04-29 16:11:22
20221001/20221001085100.json.gz,2023-04-29 16:11:23
20221001/20221001083200.json.gz,2023-04-29 16:11:24
20221001/20221001083000.json.gz,2023-04-29 16:11:24
20221001/20221001082800.json.gz,2023-04-29 16:11:25
20221001/20221001083100.json.gz,2023-04-29 16:11:25
20221001/20221001082900.json.gz,2023-04-29 16:11:26
20221001/20221001082500.json.gz,2023-04-29 16:11:27
20221001/20221001082200.json.gz,2023-04-29 16:11:27
20221001/20221001082700.json.gz,2023-04-29 16:11:28
20221001/20221001082600.json.gz,2023-04-29 16:11:28
20221001/20221001082000.json.gz,2023-04-29 16:11:29
20221001/20221001074800.json.gz,2023-04-29 16:11:29
20221001/20221001082400.json.gz,2023-04-29 16:11:30
20221001/20221001081300.json.gz,2023-04-29 16:11:31
20221001/20221001082300.json.gz,2023-04-29 16:11:31
20221001/20221001075500.json.gz,2023-04-29 16:11:32
20221001/20221001074100.json.gz,2023-04-29 16:11:32
20221001/20221001075000.json.gz,2023-04-29 16:11:33
20221001/20221001074600.json.gz,2023-04-29 16:11:33
20221001/20221001081800.json.gz,2023-04-29 16:11:34
20221001/20221001082100.json.gz,2023-04-29 16:11:34
20221001/20221001081400.json.gz,2023-04-29 16:11:35
20221001/20221001075400.json.gz,2023-04-29 16:11:36
20221001/20221001081700.json.gz,2023-04-29 16:11:36
20221001/20221001074700.json.gz,2023-04-29 16:11:37
20221001/20221001081200.json.gz,2023-04-29 16:11:37
20221001/20221001081900.json.gz,2023-04-29 16:11:38
20221001/20221001081500.json.gz,2023-04-29 16:11:38
20221001/20221001080700.json.gz,2023-04-29 16:11:39
20221001/20221001075800.json.gz,2023-04-29 16:11:39
20221001/20221001081600.json.gz,2023-04-29 16:11:40
20221001/20221001075900.json.gz,2023-04-29 16:11:40
20221001/20221001075200.json.gz,2023-04-29 16:11:41
20221001/20221001080300.json.gz,2023-04-29 16:11:41
20221001/20221001075700.json.gz,2023-04-29 16:11:42
20221001/20221001081100.json.gz,2023-04-29 16:11:42
20221001/20221001080900.json.gz,2023-04-29 16:11:43
20221001/20221001075100.json.gz,2023-04-29 16:11:43
20221001/20221001075600.json.gz,2023-04-29 16:11:44
20221001/20221001080200.json.gz,2023-04-29 16:11:44
20221001/20221001080800.json.gz,2023-04-29 16:11:45
20221001/20221001080000.json.gz,2023-04-29 16:11:45
20221001/20221001080600.json.gz,2023-04-29 16:11:46
20221001/20221001081000.json.gz,2023-04-29 16:11:46
20221001/20221001080500.json.gz,2023-04-29 16:11:47
20221001/20221001074300.json.gz,2023-04-29 16:11:48
20221001/20221001080400.json.gz,2023-04-29 16:11:48
20221001/20221001074400.json.gz,2023-04-29 16:11:49
20221001/20221001080100.json.gz,2023-04-29 16:11:49
20221001/20221001075300.json.gz,2023-04-29 16:11:50
20221001/20221001074500.json.gz,2023-04-29 16:11:50
20221001/20221001072600.json.gz,2023-04-29 16:11:51
20221001/20221001074000.json.gz,2023-04-29 16:11:51
20221001/20221001074200.json.gz,2023-04-29 16:11:52
20221001/20221001073100.json.gz,2023-04-29 16:11:52
20221001/20221001074900.json.gz,2023-04-29 16:11:53
20221001/20221001073600.json.gz,2023-04-29 16:11:54
20221001/20221001073500.json.gz,2023-04-29 16:11:54
20221001/20221001073400.json.gz,2023-04-29 16:11:55
20221001/20221001073000.json.gz,2023-04-29 16:11:55
20221001/20221001073900.json.gz,2023-04-29 16:11:55
20221001/20221001073300.json.gz,2023-04-29 16:11:56
20221001/20221001072200.json.gz,2023-04-29 16:11:57
20221001/20221001073200.json.gz,2023-04-29 16:11:57
20221001/20221001073700.json.gz,2023-04-29 16:11:58
20221001/20221001072900.json.gz,2023-04-29 16:11:58
20221001/20221001072300.json.gz,2023-04-29 16:11:59
20221001/20221001072700.json.gz,2023-04-29 16:11:59
20221001/20221001072800.json.gz,2023-04-29 16:12:00
20221001/20221001072500.json.gz,2023-04-29 16:12:00
20221001/20221001072100.json.gz,2023-04-29 16:12:01
20221001/20221001072000.json.gz,2023-04-29 16:12:01
20221001/20221001072400.json.gz,2023-04-29 16:12:02
20221001/20221001073800.json.gz,2023-04-29 16:12:02
20221001/20221001071800.json.gz,2023-04-29 16:12:03
20221001/20221001071500.json.gz,2023-04-29 16:12:03
20221001/20221001071700.json.gz,2023-04-29 16:12:04
20221001/20221001071900.json.gz,2023-04-29 16:12:04
20221001/20221001071400.json.gz,2023-04-29 16:12:05
20221001/20221001071600.json.gz,2023-04-29 16:12:05
20221001/20221001071300.json.gz,2023-04-29 16:12:06
20221001/20221001071100.json.gz,2023-04-29 16:12:06
20221001/20221001071200.json.gz,2023-04-29 16:12:06
20221001/20221001071000.json.gz,2023-04-29 16:12:07
20221001/20221001070800.json.gz,2023-04-29 16:12:07
20221001/20221001070700.json.gz,2023-04-29 16:12:08
20221001/20221001070500.json.gz,2023-04-29 16:12:08
20221001/20221001070600.json.gz,2023-04-29 16:12:09
20221001/20221001070400.json.gz,2023-04-29 16:12:09
20221001/20221001070100.json.gz,2023-04-29 16:12:10
20221001/20221001070300.json.gz,2023-04-29 16:12:10
20221001/20221001070200.json.gz,2023-04-29 16:12:10
20221001/20221001070000.json.gz,2023-04-29 16:12:11
20221001/20221001065900.json.gz,2023-04-29 16:12:11
20221001/20221001065800.json.gz,2023-04-29 16:12:12
20221001/20221001065000.json.gz,2023-04-29 16:12:12
20221001/20221001064800.json.gz,2023-04-29 16:12:13
20221001/20221001064700.json.gz,2023-04-29 16:12:13
20221001/20221001065300.json.gz,2023-04-29 16:12:13
20221001/20221001065200.json.gz,2023-04-29 16:12:14
20221001/20221001065100.json.gz,2023-04-29 16:12:14
20221001/20221001063900.json.gz,2023-04-29 16:12:15
20221001/20221001062600.json.gz,2023-04-29 16:12:15
20221001/20221001065500.json.gz,2023-04-29 16:12:16
20221001/20221001064900.json.gz,2023-04-29 16:12:16
20221001/20221001065700.json.gz,2023-04-29 16:12:17
20221001/20221001065600.json.gz,2023-04-29 16:12:17
20221001/20221001063000.json.gz,2023-04-29 16:12:17
20221001/20221001063400.json.gz,2023-04-29 16:12:18
20221001/20221001065400.json.gz,2023-04-29 16:12:18
20221001/20221001064200.json.gz,2023-04-29 16:12:19
20221001/20221001064400.json.gz,2023-04-29 16:12:19
20221001/20221001064600.json.gz,2023-04-29 16:12:20
20221001/20221001061900.json.gz,2023-04-29 16:12:20
20221001/20221001063100.json.gz,2023-04-29 16:12:21
20221001/20221001063200.json.gz,2023-04-29 16:12:21
20221001/20221001062900.json.gz,2023-04-29 16:12:21
20221001/20221001064300.json.gz,2023-04-29 16:12:22
20221001/20221001064500.json.gz,2023-04-29 16:12:22
20221001/20221001064000.json.gz,2023-04-29 16:12:23
20221001/20221001061000.json.gz,2023-04-29 16:12:23
20221001/20221001062100.json.gz,2023-04-29 16:12:23
20221001/20221001063600.json.gz,2023-04-29 16:12:24
20221001/20221001063300.json.gz,2023-04-29 16:12:24
20221001/20221001061800.json.gz,2023-04-29 16:12:25
20221001/20221001063700.json.gz,2023-04-29 16:12:25
20221001/20221001062300.json.gz,2023-04-29 16:12:26
20221001/20221001061200.json.gz,2023-04-29 16:12:26
20221001/20221001064100.json.gz,2023-04-29 16:12:26
20221001/20221001061400.json.gz,2023-04-29 16:12:27
20221001/20221001062200.json.gz,2023-04-29 16:12:27
20221001/20221001060300.json.gz,2023-04-29 16:12:28
20221001/20221001063800.json.gz,2023-04-29 16:12:28
20221001/20221001062800.json.gz,2023-04-29 16:12:28
20221001/20221001062700.json.gz,2023-04-29 16:12:29
20221001/20221001061700.json.gz,2023-04-29 16:12:29
20221001/20221001062500.json.gz,2023-04-29 16:12:30
20221001/20221001061100.json.gz,2023-04-29 16:12:30
20221001/20221001061300.json.gz,2023-04-29 16:12:31
20221001/20221001062400.json.gz,2023-04-29 16:12:31
20221001/20221001062000.json.gz,2023-04-29 16:12:31
20221001/20221001061600.json.gz,2023-04-29 16:12:32
20221001/20221001061500.json.gz,2023-04-29 16:12:32
20221001/20221001063500.json.gz,2023-04-29 16:12:33
20221001/20221001060400.json.gz,2023-04-29 16:12:33
20221001/20221001060800.json.gz,2023-04-29 16:12:34
20221001/20221001060700.json.gz,2023-04-29 16:12:34
20221001/20221001055500.json.gz,2023-04-29 16:12:34
20221001/20221001060600.json.gz,2023-04-29 16:12:35
20221001/20221001060500.json.gz,2023-04-29 16:12:35
20221001/20221001060900.json.gz,2023-04-29 16:12:36
20221001/20221001060100.json.gz,2023-04-29 16:12:36
20221001/20221001055900.json.gz,2023-04-29 16:12:37
20221001/20221001060000.json.gz,2023-04-29 16:12:37
20221001/20221001060200.json.gz,2023-04-29 16:12:38
20221001/20221001055800.json.gz,2023-04-29 16:12:38
20221001/20221001055700.json.gz,2023-04-29 16:12:38
20221001/20221001055600.json.gz,2023-04-29 16:12:39
20221001/20221001055400.json.gz,2023-04-29 16:12:39
20221001/20221001055300.json.gz,2023-04-29 16:12:40
20221001/20221001054800.json.gz,2023-04-29 16:12:40
20221001/20221001055200.json.gz,2023-04-29 16:12:41
20221001/20221001055100.json.gz,2023-04-29 16:12:41
20221001/20221001054600.json.gz,2023-04-29 16:12:41
20221001/20221001054900.json.gz,2023-04-29 16:12:42
20221001/20221001054700.json.gz,2023-04-29 16:12:42
20221001/20221001054500.json.gz,2023-04-29 16:12:43
20221001/20221001054300.json.gz,2023-04-29 16:12:43
20221001/20221001054400.json.gz,2023-04-29 16:12:44
20221001/20221001054000.json.gz,2023-04-29 16:12:44
20221001/20221001054200.json.gz,2023-04-29 16:12:45
20221001/20221001053600.json.gz,2023-04-29 16:12:45
20221001/20221001053800.json.gz,2023-04-29 16:12:46
20221001/20221001054100.json.gz,2023-04-29 16:12:46
20221001/20221001053900.json.gz,2023-04-29 16:12:47
20221001/20221001053500.json.gz,2023-04-29 16:12:47
20221001/20221001053300.json.gz,2023-04-29 16:12:48
20221001/20221001053100.json.gz,2023-04-29 16:12:48
20221001/20221001053700.json.gz,2023-04-29 16:12:49
20221001/20221001052400.json.gz,2023-04-29 16:12:49
20221001/20221001053200.json.gz,2023-04-29 16:12:50
20221001/20221001052700.json.gz,2023-04-29 16:12:50
20221001/20221001053000.json.gz,2023-04-29 16:12:51
20221001/20221001052900.json.gz,2023-04-29 16:12:52
20221001/20221001053400.json.gz,2023-04-29 16:12:52
20221001/20221001052600.json.gz,2023-04-29 16:12:53
20221001/20221001052800.json.gz,2023-04-29 16:12:53
20221001/20221001055000.json.gz,2023-04-29 16:12:54
20221001/20221001051800.json.gz,2023-04-29 16:12:54
20221001/20221001052300.json.gz,2023-04-29 16:12:55
20221001/20221001052500.json.gz,2023-04-29 16:12:55
20221001/20221001051000.json.gz,2023-04-29 16:12:56
20221001/20221001052200.json.gz,2023-04-29 16:12:56
20221001/20221001052000.json.gz,2023-04-29 16:12:57
20221001/20221001052100.json.gz,2023-04-29 16:12:57
20221001/20221001051900.json.gz,2023-04-29 16:12:57
20221001/20221001051500.json.gz,2023-04-29 16:12:58
20221001/20221001051700.json.gz,2023-04-29 16:12:58
20221001/20221001051200.json.gz,2023-04-29 16:12:59
20221001/20221001051100.json.gz,2023-04-29 16:12:59
20221001/20221001051400.json.gz,2023-04-29 16:13:00
20221001/20221001045000.json.gz,2023-04-29 16:13:00
20221001/20221001051300.json.gz,2023-04-29 16:13:01
20221001/20221001050900.json.gz,2023-04-29 16:13:01
20221001/20221001050700.json.gz,2023-04-29 16:13:02
20221001/20221001044900.json.gz,2023-04-29 16:13:03
20221001/20221001044700.json.gz,2023-04-29 16:13:04
20221001/20221001051600.json.gz,2023-04-29 16:13:05
20221001/20221001050300.json.gz,2023-04-29 16:13:06
20221001/20221001050600.json.gz,2023-04-29 16:13:07
20221001/20221001050800.json.gz,2023-04-29 16:13:07
20221001/20221001044800.json.gz,2023-04-29 16:13:08
20221001/20221001050200.json.gz,2023-04-29 16:13:09
20221001/20221001050500.json.gz,2023-04-29 16:13:10
20221001/20221001050400.json.gz,2023-04-29 16:13:10
20221001/20221001050100.json.gz,2023-04-29 16:13:11
20221001/20221001050000.json.gz,2023-04-29 16:13:12
20221001/20221001045900.json.gz,2023-04-29 16:13:12
20221001/20221001045700.json.gz,2023-04-29 16:13:13
20221001/20221001045500.json.gz,2023-04-29 16:13:14
20221001/20221001045800.json.gz,2023-04-29 16:13:15
20221001/20221001045400.json.gz,2023-04-29 16:13:15
20221001/20221001045300.json.gz,2023-04-29 16:13:16
20221001/20221001045600.json.gz,2023-04-29 16:13:16
20221001/20221001045200.json.gz,2023-04-29 16:13:17
20221001/20221001044600.json.gz,2023-04-29 16:13:17
20221001/20221001045100.json.gz,2023-04-29 16:13:18
20221001/20221001044500.json.gz,2023-04-29 16:13:18
20221001/20221001044300.json.gz,2023-04-29 16:13:18
20221001/20221001044400.json.gz,2023-04-29 16:13:19
20221001/20221001043800.json.gz,2023-04-29 16:13:20
20221001/20221001044100.json.gz,2023-04-29 16:13:21
20221001/20221001044000.json.gz,2023-04-29 16:13:22
20221001/20221001044200.json.gz,2023-04-29 16:13:23
20221001/20221001043700.json.gz,2023-04-29 16:13:23
20221001/20221001043600.json.gz,2023-04-29 16:13:24
20221001/20221001043900.json.gz,2023-04-29 16:13:24
20221001/20221001043200.json.gz,2023-04-29 16:13:25
20221001/20221001043300.json.gz,2023-04-29 16:13:25
20221001/20221001043500.json.gz,2023-04-29 16:13:26
20221001/20221001043400.json.gz,2023-04-29 16:13:26
20221001/20221001043100.json.gz,2023-04-29 16:13:26
20221001/20221001043000.json.gz,2023-04-29 16:13:27
20221001/20221001042900.json.gz,2023-04-29 16:13:27
20221001/20221001042800.json.gz,2023-04-29 16:13:28
20221001/20221001042700.json.gz,2023-04-29 16:13:28
20221001/20221001042600.json.gz,2023-04-29 16:13:29
20221001/20221001042500.json.gz,2023-04-29 16:13:29
20221001/20221001042300.json.gz,2023-04-29 16:13:29
20221001/20221001042400.json.gz,2023-04-29 16:13:30
20221001/20221001042100.json.gz,2023-04-29 16:13:30
20221001/20221001042000.json.gz,2023-04-29 16:13:31
20221001/20221001042200.json.gz,2023-04-29 16:13:31
20221001/20221001041900.json.gz,2023-04-29 16:13:32
20221001/20221001041800.json.gz,2023-04-29 16:13:32
20221001/20221001041600.json.gz,2023-04-29 16:13:33
20221001/20221001041700.json.gz,2023-04-29 16:13:34
20221001/20221001041400.json.gz,2023-04-29 16:13:35
20221001/20221001041500.json.gz,2023-04-29 16:13:36
20221001/20221001041300.json.gz,2023-04-29 16:13:37
20221001/20221001041200.json.gz,2023-04-29 16:13:37
20221001/20221001024200.json.gz,2023-04-29 16:13:38
20221001/20221001014400.json.gz,2023-04-29 16:13:39
20221001/20221001014200.json.gz,2023-04-29 16:13:40
20221001/20221001041000.json.gz,2023-04-29 16:13:41
20221001/20221001014100.json.gz,2023-04-29 16:13:42
20221001/20221001024100.json.gz,2023-04-29 16:13:43
20221001/20221001033400.json.gz,2023-04-29 16:13:44
20221001/20221001010500.json.gz,2023-04-29 16:13:44
20221001/20221001041100.json.gz,2023-04-29 16:13:45
20221001/20221001010900.json.gz,2023-04-29 16:13:45
20221001/20221001040800.json.gz,2023-04-29 16:13:46
20221001/20221001040900.json.gz,2023-04-29 16:13:46
20221001/20221001014900.json.gz,2023-04-29 16:13:47
20221001/20221001015000.json.gz,2023-04-29 16:13:47
20221001/20221001014300.json.gz,2023-04-29 16:13:48
20221001/20221001040700.json.gz,2023-04-29 16:13:49
20221001/20221001040400.json.gz,2023-04-29 16:13:49
20221001/20221001040600.json.gz,2023-04-29 16:13:50
20221001/20221001003800.json.gz,2023-04-29 16:13:50
20221001/20221001020500.json.gz,2023-04-29 16:13:51
20221001/20221001040500.json.gz,2023-04-29 16:13:51
20221001/20221001022100.json.gz,2023-04-29 16:13:52
20221001/20221001010400.json.gz,2023-04-29 16:13:52
20221001/20221001020700.json.gz,2023-04-29 16:13:53
20221001/20221001021900.json.gz,2023-04-29 16:13:53
20221001/20221001012300.json.gz,2023-04-29 16:13:54
20221001/20221001015900.json.gz,2023-04-29 16:13:55
20221001/20221001020000.json.gz,2023-04-29 16:13:55
20221001/20221001035700.json.gz,2023-04-29 16:13:56
20221001/20221001012100.json.gz,2023-04-29 16:13:56
20221001/20221001010300.json.gz,2023-04-29 16:13:57
20221001/20221001040200.json.gz,2023-04-29 16:13:57
20221001/20221001040300.json.gz,2023-04-29 16:13:58
20221001/20221001024300.json.gz,2023-04-29 16:13:58
20221001/20221001012400.json.gz,2023-04-29 16:13:58
20221001/20221001020300.json.gz,2023-04-29 16:13:59
20221001/20221001024600.json.gz,2023-04-29 16:13:59
20221001/20221001040100.json.gz,2023-04-29 16:14:00
20221001/20221001023900.json.gz,2023-04-29 16:14:00
20221001/20221001024400.json.gz,2023-04-29 16:14:01
20221001/20221001024000.json.gz,2023-04-29 16:14:02
20221001/20221001040000.json.gz,2023-04-29 16:14:02
20221001/20221001012200.json.gz,2023-04-29 16:14:03
20221001/20221001024500.json.gz,2023-04-29 16:14:03
20221001/20221001014700.json.gz,2023-04-29 16:14:04
20221001/20221001010200.json.gz,2023-04-29 16:14:04
20221001/20221001035900.json.gz,2023-04-29 16:14:05
20221001/20221001035800.json.gz,2023-04-29 16:14:05
20221001/20221001022000.json.gz,2023-04-29 16:14:06
20221001/20221001012900.json.gz,2023-04-29 16:14:06
20221001/20221001013500.json.gz,2023-04-29 16:14:07
20221001/20221001035600.json.gz,2023-04-29 16:14:07
20221001/20221001021700.json.gz,2023-04-29 16:14:07
20221001/20221001035500.json.gz,2023-04-29 16:14:08
20221001/20221001021800.json.gz,2023-04-29 16:14:08
20221001/20221001035300.json.gz,2023-04-29 16:14:09
20221001/20221001035400.json.gz,2023-04-29 16:14:09
20221001/20221001012600.json.gz,2023-04-29 16:14:10
20221001/20221001012800.json.gz,2023-04-29 16:14:10
20221001/20221001013800.json.gz,2023-04-29 16:14:11
20221001/20221001015500.json.gz,2023-04-29 16:14:11
20221001/20221001015400.json.gz,2023-04-29 16:14:12
20221001/20221001035200.json.gz,2023-04-29 16:14:12
20221001/20221001022900.json.gz,2023-04-29 16:14:13
20221001/20221001013600.json.gz,2023-04-29 16:14:14
20221001/20221001035100.json.gz,2023-04-29 16:14:14
20221001/20221001034400.json.gz,2023-04-29 16:14:15
20221001/20221001015100.json.gz,2023-04-29 16:14:16
20221001/20221001013900.json.gz,2023-04-29 16:14:16
20221001/20221001020400.json.gz,2023-04-29 16:14:17
20221001/20221001035000.json.gz,2023-04-29 16:14:17
20221001/20221001010600.json.gz,2023-04-29 16:14:17
20221001/20221001034800.json.gz,2023-04-29 16:14:18
20221001/20221001015300.json.gz,2023-04-29 16:14:18
20221001/20221001011300.json.gz,2023-04-29 16:14:19
20221001/20221001034700.json.gz,2023-04-29 16:14:19
20221001/20221001034600.json.gz,2023-04-29 16:14:20
20221001/20221001034900.json.gz,2023-04-29 16:14:20
20221001/20221001005900.json.gz,2023-04-29 16:14:21
20221001/20221001034500.json.gz,2023-04-29 16:14:21
20221001/20221001011100.json.gz,2023-04-29 16:14:21
20221001/20221001013400.json.gz,2023-04-29 16:14:22
20221001/20221001014800.json.gz,2023-04-29 16:14:22
20221001/20221001011400.json.gz,2023-04-29 16:14:23
20221001/20221001011200.json.gz,2023-04-29 16:14:23
20221001/20221001015800.json.gz,2023-04-29 16:14:24
20221001/20221001033800.json.gz,2023-04-29 16:14:24
20221001/20221001034100.json.gz,2023-04-29 16:14:25
20221001/20221001015600.json.gz,2023-04-29 16:14:25
20221001/20221001034200.json.gz,2023-04-29 16:14:26
20221001/20221001034300.json.gz,2023-04-29 16:14:26
20221001/20221001034000.json.gz,2023-04-29 16:14:27
20221001/20221001033900.json.gz,2023-04-29 16:14:27
20221001/20221001015700.json.gz,2023-04-29 16:14:28
20221001/20221001025300.json.gz,2023-04-29 16:14:28
20221001/20221001015200.json.gz,2023-04-29 16:14:29
20221001/20221001004300.json.gz,2023-04-29 16:14:29
20221001/20221001004900.json.gz,2023-04-29 16:14:30
20221001/20221001012000.json.gz,2023-04-29 16:14:30
20221001/20221001011800.json.gz,2023-04-29 16:14:30
20221001/20221001004400.json.gz,2023-04-29 16:14:31
20221001/20221001033700.json.gz,2023-04-29 16:14:31
20221001/20221001010100.json.gz,2023-04-29 16:14:32
20221001/20221001033600.json.gz,2023-04-29 16:14:32
20221001/20221001032800.json.gz,2023-04-29 16:14:33
20221001/20221001005800.json.gz,2023-04-29 16:14:33
20221001/20221001033500.json.gz,2023-04-29 16:14:34
20221001/20221001032200.json.gz,2023-04-29 16:14:34
20221001/20221001005700.json.gz,2023-04-29 16:14:34
20221001/20221001011600.json.gz,2023-04-29 16:14:35
20221001/20221001033300.json.gz,2023-04-29 16:14:35
20221001/20221001033200.json.gz,2023-04-29 16:14:36
20221001/20221001022700.json.gz,2023-04-29 16:14:36
20221001/20221001033100.json.gz,2023-04-29 16:14:37
20221001/20221001022300.json.gz,2023-04-29 16:14:37
20221001/20221001032500.json.gz,2023-04-29 16:14:38
20221001/20221001032700.json.gz,2023-04-29 16:14:38
20221001/20221001033000.json.gz,2023-04-29 16:14:38
20221001/20221001023600.json.gz,2023-04-29 16:14:39
20221001/20221001010700.json.gz,2023-04-29 16:14:39
20221001/20221001023300.json.gz,2023-04-29 16:14:40
20221001/20221001023100.json.gz,2023-04-29 16:14:40
20221001/20221001023000.json.gz,2023-04-29 16:14:41
20221001/20221001032900.json.gz,2023-04-29 16:14:42
20221001/20221001022600.json.gz,2023-04-29 16:14:42
20221001/20221001022400.json.gz,2023-04-29 16:14:43
20221001/20221001014000.json.gz,2023-04-29 16:14:43
20221001/20221001032400.json.gz,2023-04-29 16:14:44
20221001/20221001023500.json.gz,2023-04-29 16:14:44
20221001/20221001032300.json.gz,2023-04-29 16:14:45
20221001/20221001032600.json.gz,2023-04-29 16:14:45
20221001/20221001022500.json.gz,2023-04-29 16:14:46
20221001/20221001012700.json.gz,2023-04-29 16:14:46
20221001/20221001003900.json.gz,2023-04-29 16:14:46
20221001/20221001023400.json.gz,2023-04-29 16:14:47
20221001/20221001032000.json.gz,2023-04-29 16:14:47
20221001/20221001022800.json.gz,2023-04-29 16:14:48
20221001/20221001031800.json.gz,2023-04-29 16:14:48
20221001/20221001005600.json.gz,2023-04-29 16:14:49
20221001/20221001003700.json.gz,2023-04-29 16:14:49
20221001/20221001031000.json.gz,2023-04-29 16:14:50
20221001/20221001030600.json.gz,2023-04-29 16:14:50
20221001/20221001031200.json.gz,2023-04-29 16:14:51
20221001/20221001010800.json.gz,2023-04-29 16:14:51
20221001/20221001005500.json.gz,2023-04-29 16:14:52
20221001/20221001003600.json.gz,2023-04-29 16:14:52
20221001/20221001021000.json.gz,2023-04-29 16:14:53
20221001/20221001030800.json.gz,2023-04-29 16:14:53
20221001/20221001023700.json.gz,2023-04-29 16:14:54
20221001/20221001022200.json.gz,2023-04-29 16:14:54
20221001/20221001031900.json.gz,2023-04-29 16:14:54
20221001/20221001031600.json.gz,2023-04-29 16:14:55
20221001/20221001031400.json.gz,2023-04-29 16:14:56
20221001/20221001031700.json.gz,2023-04-29 16:14:56
20221001/20221001032100.json.gz,2023-04-29 16:14:56
20221001/20221001011900.json.gz,2023-04-29 16:14:57
20221001/20221001023200.json.gz,2023-04-29 16:14:57
20221001/20221001020800.json.gz,2023-04-29 16:14:58
20221001/20221001031100.json.gz,2023-04-29 16:14:58
20221001/20221001020900.json.gz,2023-04-29 16:14:59
20221001/20221001031500.json.gz,2023-04-29 16:14:59
20221001/20221001030300.json.gz,2023-04-29 16:15:00
20221001/20221001020600.json.gz,2023-04-29 16:15:00
20221001/20221001030100.json.gz,2023-04-29 16:15:01
20221001/20221001031300.json.gz,2023-04-29 16:15:01
20221001/20221001025900.json.gz,2023-04-29 16:15:02
20221001/20221001023800.json.gz,2023-04-29 16:15:02
20221001/20221001020100.json.gz,2023-04-29 16:15:03
20221001/20221001030500.json.gz,2023-04-29 16:15:03
20221001/20221001030400.json.gz,2023-04-29 16:15:04
20221001/20221001011700.json.gz,2023-04-29 16:15:04
20221001/20221001030000.json.gz,2023-04-29 16:15:05
20221001/20221001030700.json.gz,2023-04-29 16:15:05
20221001/20221001013300.json.gz,2023-04-29 16:15:06
20221001/20221001030900.json.gz,2023-04-29 16:15:06
20221001/20221001025500.json.gz,2023-04-29 16:15:07
20221001/20221001013100.json.gz,2023-04-29 16:15:07
20221001/20221001013700.json.gz,2023-04-29 16:15:08
20221001/20221001013200.json.gz,2023-04-29 16:15:09
20221001/20221001030200.json.gz,2023-04-29 16:15:10
20221001/20221001003400.json.gz,2023-04-29 16:15:10
20221001/20221001025800.json.gz,2023-04-29 16:15:11
20221001/20221001014600.json.gz,2023-04-29 16:15:11
20221001/20221001025600.json.gz,2023-04-29 16:15:12
20221001/20221001025700.json.gz,2023-04-29 16:15:13
20221001/20221001004200.json.gz,2023-04-29 16:15:13
20221001/20221001025400.json.gz,2023-04-29 16:15:14
20221001/20221001024900.json.gz,2023-04-29 16:15:14
20221001/20221001021500.json.gz,2023-04-29 16:15:15
20221001/20221001011500.json.gz,2023-04-29 16:15:15
20221001/20221001004100.json.gz,2023-04-29 16:15:15
20221001/20221001021200.json.gz,2023-04-29 16:15:16
20221001/20221001021400.json.gz,2023-04-29 16:15:16
20221001/20221001012500.json.gz,2023-04-29 16:15:17
20221001/20221001021300.json.gz,2023-04-29 16:15:17
20221001/20221001021600.json.gz,2023-04-29 16:15:18
20221001/20221001004800.json.gz,2023-04-29 16:15:18
20221001/20221001004700.json.gz,2023-04-29 16:15:18
20221001/20221001013000.json.gz,2023-04-29 16:15:19
20221001/20221001001900.json.gz,2023-04-29 16:15:19
20221001/20221001024700.json.gz,2023-04-29 16:15:20
20221001/20221001020200.json.gz,2023-04-29 16:15:20
20221001/20221001004600.json.gz,2023-04-29 16:15:21
20221001/20221001005400.json.gz,2023-04-29 16:15:21
20221001/20221001025200.json.gz,2023-04-29 16:15:22
20221001/20221001003300.json.gz,2023-04-29 16:15:22
20221001/20221001025100.json.gz,2023-04-29 16:15:22
20221001/20221001011000.json.gz,2023-04-29 16:15:23
20221001/20221001025000.json.gz,2023-04-29 16:15:23
20221001/20221001010000.json.gz,2023-04-29 16:15:24
20221001/20221001003500.json.gz,2023-04-29 16:15:24
20221001/20221001024800.json.gz,2023-04-29 16:15:25
20221001/20221001005300.json.gz,2023-04-29 16:15:25
20221001/20221001005200.json.gz,2023-04-29 16:15:26
20221001/20221001021100.json.gz,2023-04-29 16:15:26
20221001/20221001014500.json.gz,2023-04-29 16:15:27
20221001/20221001004500.json.gz,2023-04-29 16:15:27
20221001/20221001005000.json.gz,2023-04-29 16:15:28
20221001/20221001005100.json.gz,2023-04-29 16:15:28
20221001/20221001003000.json.gz,2023-04-29 16:15:28
20221001/20221001002500.json.gz,2023-04-29 16:15:29
20221001/20221001001800.json.gz,2023-04-29 16:15:29
20221001/20221001002900.json.gz,2023-04-29 16:15:30
20221001/20221001002600.json.gz,2023-04-29 16:15:30
20221001/20221001001700.json.gz,2023-04-29 16:15:31
20221001/20221001002800.json.gz,2023-04-29 16:15:31
20221001/20221001003200.json.gz,2023-04-29 16:15:32
20221001/20221001001600.json.gz,2023-04-29 16:15:33
20221001/20221001002400.json.gz,2023-04-29 16:15:34
20221001/20221001001500.json.gz,2023-04-29 16:15:35
20221001/20221001002200.json.gz,2023-04-29 16:15:35
20221001/20221001002300.json.gz,2023-04-29 16:15:36
20221001/20221001002100.json.gz,2023-04-29 16:15:37
20221001/20221001003100.json.gz,2023-04-29 16:15:38
20221001/20221001004000.json.gz,2023-04-29 16:15:40
20221001/20221001001400.json.gz,2023-04-29 16:15:41
20221001/20221001001300.json.gz,2023-04-29 16:15:41
20221001/20221001002000.json.gz,2023-04-29 16:15:43
20221001/20221001002700.json.gz,2023-04-29 16:15:44
20221001/20221001001200.json.gz,2023-04-29 16:15:45
20221001/20221001001000.json.gz,2023-04-29 16:15:46
20221001/20221001001100.json.gz,2023-04-29 16:15:46
20221001/20221001000700.json.gz,2023-04-29 16:15:47
20221001/20221001000900.json.gz,2023-04-29 16:15:48
20221001/20221001000800.json.gz,2023-04-29 16:15:48
20221001/20221001000600.json.gz,2023-04-29 16:15:49
20221001/20221001000500.json.gz,2023-04-29 16:15:49
20221001/20221001000400.json.gz,2023-04-29 16:15:50
20221001/20221001000200.json.gz,2023-04-29 16:15:50
20221001/20221001000300.json.gz,2023-04-29 16:15:50
20221001/20221001000000.json.gz,2023-04-29 16:15:51
20221001/20221001000100.json.gz,2023-04-29 16:15:51
